platform,stock_code,post_id,title,content,author,author_id,publish_time,read_count,comment_count,forward_count,bullish_bearish,has_pic,has_video,url,crawl_time
eastmoney_guba,000001,1737808942,伊利股份、平安银行、上海银行股息红利策略收益分析2026.7.3,伊利股份、平安银行、上海银行股息红利策略收益分析2026.7.3$伊利股份(SH600887)$$上海银行(SH601229)$$平安银行(SZ000001)$,价值收息派,2729316043690040,2026-07-03 23:26:34,1077,4,1,0,True,False,"https://guba.eastmoney.com/news,000001,1737808942.html",2026-07-05 05:42:33
eastmoney_guba,000001,1714990314,29股股息率超4% 价值板块安全边际增厚,来源：证券时报 作者：陈见南 在当下的市场环境中，价值板块与成长板块呈现出鲜明的风格对立与走势分化。前者主要指代银行、煤炭、白酒等传统行业龙头，其特征是估值处于低位、分红稳定，但业绩增长相对平缓；后者则聚焦于人工智能和半导体等高弹性、高估值的科技成长股。 市场分析指出，近期价值板块持续疲软主要受两大核心因素掣肘：一是市场风格的剧烈轮动。2026年以来，资金加速向“新质生产力”相关领域聚集，科技主线凭借强劲的叙事逻辑和高增长预期虹吸了大量资金，对传统蓝筹形成了“抽血效应”。二是宏观预期的边际差。尽管宏观经济整体处于修复通道，但市场对白酒等传统消费需求的复苏强度仍存分歧，叠加地产行业的深度调整，导致相关产业链资产的风险偏好下移。 不过，也有机构依然看好价值板块的中长期配置价值。 国信证券近期发布研报指出，从短期维度来看，3月末以来A股市场持续上行，成长赛道积累了较大涨幅，场内资金获利了结需求持续升温，市场短期震荡调整在所难免。但从中期视角分析，参照A股历史大行情运行规律，当前市场根基并未动摇，在政策持续托底、经济稳步修复、市场流动性合理充裕的多重利好支撑下，A股整体向上的核心趋势不会改变。 在此市场格局下，稳定的高股息率已然成为价值板块的核心估值锚与安全边际。 业内人士认为，尽管价值板块短期受市场风格影响，股价走势平淡、阶段性回撤压力犹存，但持续稳定的高股息，成为其对冲市场波动、抵御估值下行的核心支撑。相关龙头企业凭借稳定的经营现金流、常态化的合理派息比例、可观的股息回报以及稳健的资产负债结构，即便股价出现短期波动，每年稳定落地的现金分红，也能为长期投资者提供穿越周期的稳定收益底气。这种低估值、高股息、稳现金流的配置逻辑，让价值板块在震荡市中展现出极强的防御属性与长期投资价值，高度适配稳健型投资者的配置需求。 当前价值板块个股股息率已处于较高水平。据证券时报·数据宝统计，A股市值超千亿元的价值板块个股中，共有29只个股年内股价回落，静态股息率突破4%。其中，格力电器股息率表现突出，超过7%；中远海控、泸州老窖、华夏银行等价值股股息率均超过6%。（文章来源：证券时报） [点击查看原文],格力电器资讯,9245113638150628,2026-05-27 02:44:30,97835,449,452,0,False,False,"https://guba.eastmoney.com/news,000001,1714990314.html",2026-07-05 05:42:33
eastmoney_guba,000001,1737931593,至于说风险，我认为平安银行根本就没有风险，一点风险都没有，国家能让平安银行破产吗,$平安银行(SZ000001)$ 至于说风险，我认为平安银行根本就没有风险，一点风险都没有，国家能让平安银行破产吗？退市吗？绝对不可能的，你就放心持有吧，安心吃分红吧，十年以后你就是称霸一方的小资本家！,北京孙健,6372385801994188,2026-07-05 13:15:22,34,0,0,0,False,False,"https://guba.eastmoney.com/news,000001,1737931593.html",2026-07-05 05:42:33
eastmoney_guba,000001,1737931231,我买股票我就是认为买的是公司，我不看别的我只看分红，一年分几次红，每次红分多少才,$平安银行(SZ000001)$ 我买股票我就是认为买的是公司，我不看别的我只看分红，一年分几次红，每次红分多少才是我最关心的,北京孙健,6372385801994188,2026-07-05 13:09:47,35,0,0,0,False,False,"https://guba.eastmoney.com/news,000001,1737931231.html",2026-07-05 05:42:33
eastmoney_guba,000001,1737931000,这票反弹概率大于反转概率，就目前而言，行情以反弹为主线，有人明白我说的，具体操作,$平安银行(SZ000001)$ 这票反弹概率大于反转概率，就目前而言，行情以反弹为主线，有人明白我说的，具体操作就不票大咧咧了，一开口就喊那个抄底的跑了，没意思。,平安一生的秦雨,1146386039465300,2026-07-05 13:06:45,27,0,0,0,False,False,"https://guba.eastmoney.com/news,000001,1737931000.html",2026-07-05 05:42:33
eastmoney_guba,000001,1737930998,平安银行就要开挂起飞了，金秋十月正是收获的季节，平安银行分红很可能不会低于0.2,$平安银行(SZ000001)$ 平安银行就要开挂起飞了，金秋十月正是收获的季节，平安银行分红很可能不会低于0.28，到时候看吧,北京孙健,6372385801994188,2026-07-05 13:06:39,37,0,0,0,False,False,"https://guba.eastmoney.com/news,000001,1737930998.html",2026-07-05 05:42:33
eastmoney_guba,000001,1737930411,网友从风险分析此票有道理，具体是平安银行只有和万科存在借贷关联，可谓稳健，至于其,$平安银行(SZ000001)$ 网友从风险分析此票有道理，具体是平安银行只有和万科存在借贷关联，可谓稳健，至于其他科技项目，有待验证。此票有刺激性报和复性上涨或反弹各项指标正在进一步扩大概率。,平安一生的秦雨,1146386039465300,2026-07-05 12:59:08,43,0,0,0,False,False,"https://guba.eastmoney.com/news,000001,1737930411.html",2026-07-05 05:42:33
eastmoney_guba,000001,1733807856,操纵分红率主力做空！难预估垒不良，五年均线才可满仓、、、、、、满融！,五年净利润2155亿（>）市值1985亿/五年均价可买重仓！[惊吓],比对分析回报率,2998094154646794,2026-06-28 10:23:06,730,3,0,0,True,False,"https://guba.eastmoney.com/news,000001,1733807856.html",2026-07-05 05:42:33
eastmoney_guba,000001,1737855071,平安银行南昌分行被罚45万元,来源：大河财立方 【大河财立方消息】7月4日，国家金融监督管理总局江西监管局披露的行政处罚信息公开表显示，因贷款业务及员工行为管理不到位，平安银行股份有限公司南昌分行被罚45万元。对相关责任人员陈瑶给予警告，并罚款5万元。 （文章来源：大河财立方） [点击查看原文],平安银行资讯,6385113638007064,2026-07-04 12:56:50,480,3,1,0,False,False,"https://guba.eastmoney.com/news,000001,1737855071.html",2026-07-05 05:42:33
eastmoney_guba,000001,1733680784,多家上市银行回应投资者市值管理关切,来源：证券日报 近期，投资者对上市银行强化市值管理的诉求持续升温。面对市场关切，多家上市银行主动回应，通过股东大会、投资者互动平台等渠道，沟通市值管理、估值提升、股东回报等核心问题，积极搭建与资本市场的互动渠道。 记者据各类投资者互动平台梳理，虽然目前上市银行在监管部门引导下普遍制定并发布估值提升计划及“提质增效重回报”行动方案，但投资者关注的并非“纸面”规划，而是上述计划或行动方案的执行力度和效果。 “市值管理量化标准有哪些？”“如何有效提升估值？”“如何增强市值管理效果？”“估值提升计划执行效果如何？”等成为投资者提出的高频问题。与此同时，部分投资者询问上市银行是否存在提高分红比例及频次、回购股份并注销等提振估值的考量。 面对投资者关切，中国银行、交通银行、邮储银行、平安银行等超10家上市银行在投资者互动平台进行了回应，沟通频次较2025年同期显著提升。 在近期密集召开的2025年度上市银行股东大会上，市值管理成为股东交流的热点话题。例如，6月25日召开的招商银行2025年度股东会上，便有香港股东提问银行管理层是否会采取提高现金分红和回购股份、注销等措施进行有效的市值管理。 对此，招商银行副行长彭家文表示，该行已成立市值管理小组，并由其兼任组长，定期召开市值管理分析会，不断传递资本市场声音，传递各位投资者、股东的想法和诉求，并在内部充分研究。其中有一些建议已经落地到经营策略中。 浙商银行管理层在2025年度股东大会上表示，该行将结合银行长期可持续发展，以及资本充足率水平等多重因素，合理设定分红比例，持续平衡好股东投入与回报的关系。 事实上，市值管理是一项长期性工作，核心是通过多元精细化举措，让公司股价能够准确反映公司内在价值。其中，持续深化投资者沟通、引导市场理性认知企业真实价值，是上市银行市值管理体系的重要组成部分。 “市值管理是价值创造与市场认知的有机统一。”南开大学金融学教授田利辉告诉《证券日报》记者，上市银行做好市值管理的关键在于平衡短期市场预期与长期战略价值。通过稳健的ROE、可持续的分红、充分的投资者沟通，让股票价格真实反映公司内在价值。 “具体包括夯实经营根基，通过提升风控能力、优化资产结构、强化数字化转型来筑牢基本面；完善分红政策等工具；建立常态化投资者沟通机制，将公司价值正确传达给投资者等多个层面。”田利辉表示。 中国邮政储蓄银行研究员娄飞鹏告诉《证券日报》记者，上市银行可从三方面做好市值管理：一是要增加投资者沟通的频次和深度，借鉴“反向路演”模式，面对面回应关切；二是建立双向赋能机制，将市场反馈传导至决策层，形成投资者关系与业务联动的闭环；三是降低信息门槛，采用图解、短视频等通俗的方式，缩小机构与中小投资者之间的信息不对称。 陕西巨丰投资高级投资顾问于晓明认为，对于银行股中小投资者而言，应当理性认清上市银行经营承压是利率下行挤压净息差等因素共同导致，需区分个股基本面优劣甄别分化机会，明确银行股核心配置逻辑是长期高股息回报。投资者不宜用短线炒作思维博弈股价涨跌，应立足自身风险偏好理性布局。（文章来源：证券日报） [点击查看原文],中国银行资讯,2062113638573216,2026-06-27 00:37:50,6774,40,7,0,False,False,"https://guba.eastmoney.com/news,000001,1733680784.html",2026-07-05 05:42:33
eastmoney_guba,000001,1737846867,百万级资金以上现在买入平安银行十年后150%收益是确定的，复投收益更多，资金量越,百万级资 金以上现在买入平安银行十年后150%收益是确定的，复投收益更多，资金量越大的人心态越稳定，执行力更强。,柳风轻吹,1245094354555408,2026-07-04 11:03:19,549,7,0,0,False,False,"https://guba.eastmoney.com/news,000001,1737846867.html",2026-07-05 05:42:33
eastmoney_guba,000001,1737913277,平安银行风险分析解读,平安银行（000001.SZ）目前的风险评分在68.4分左右，属于偏稳健档位。简单说，这个分数是综合了股价波动、回撤情况和与大盘关联度等多方面因素得出的，分数越高代表历史走势相对平稳。从数据看，近一年波动率16.2%，低于大部分股票；近一年最大回撤控制在19.6%以内，也优于九成以上的股票。不过，长期数据提示：近五年最大回撤曾达到62.3%，历史中还曾出现超过62%的回撤，说明在极端行情下仍可能面临较大下跌，低风险不等于未来不会跌。这个数据卡的用法是观察股价波动、回撤、系统性风险敏感度和下行风险，帮助理解这只股票在价格上的承受难度，不判断公司基本面好坏，也不预测未来收益。核心指标简要解释：波动率越高，价格上蹿下跳越明显；最大回撤是过去一段时间从高点到低点的最深跌幅；Beta（贝塔）表示股票对大盘涨跌的敏感程度，数值越低，受大盘影响越小。当前Beta仅为0.20，显示该股与市场关联度很弱，有一定独立行情特征。具体数据：风险分68.42，高于全市场约98%的股票；1年年化波动率16.2%，3年年化波动率20.5%；1年最大回撤19.6%，3年最大回撤26.8%，5年最大回撤62.3%；1年下行年化波动率8.9%。容易误读的地方：低风险不代表一定安全，也不代表不会下跌；高风险也不一定不好，有些高波动股票可能弹性更强。风险卡只描述价格和市场敏感性，不判断公司基本面。历史回撤数值不能直接当作未来风险上限——比如5年最大回撤62.3%，说明极端情况下仍有较大下跌空间。风险分不是收益预测，不代表股票一定会变好或变差。下一步可以观察：波动率是否持续变化、最大回撤是否扩大、Beta是否明显升高（若升高则对大盘更敏感），同时留意风险变化是否与其他维度（如动量、流动性、风格）同步。以上内容仅为数据解读，不构成投资建议。,joyDNA,8319037064260262,2026-07-05 09:15:18,387,0,0,0,True,False,"https://guba.eastmoney.com/news,000001,1737913277.html",2026-07-05 05:42:33
eastmoney_guba,000001,1737796177,深圳金融合规观察：今年上半年罚没逾五千万元，68人被点名,来源：南方都市报 2026年深圳金融行业传递了什么样的监管风向？日前，南都湾财社记者梳理分析来自金融监管部门（国家金融监督管理总局及深圳监管局、人民银行深圳市分行、国家外汇管理局深圳市分局）针对深圳辖区的公开信息注意到，今年起截至6月30日，上述监管部门开出了约32张罚单，半年度罚没总金额超过5270万元，涉及银行、保险、支付等机构。其中“百万级”罚单13张；“千万级”罚单1张。 上述监管处罚也涉及相关责任人至少68人，包括警告、罚款和禁业等措施。个人最大罚单指向银盛支付董事长陈敏，达到61万元，刷新了近年深圳个人最高罚款纪录；个人最严处罚是禁止从业10年，来自渤海银行深圳前海分行。种种迹象表明个人监管问责进入常态化。 金融业是深圳的重要支柱产业。据深圳市统计局的统计数据，去年深圳金融业实现增加值5261.6亿元，同比增长12.1%；占GDP比重约13.6%。值得注意的是，在6月5日金融监管总局召开的扩大会议上，再次强调推进严监管强监管，提出严把准入关口，严格执法、敢于亮剑，严厉惩处违法违规行为，真正做到“长牙带刺”、有棱有角。那么，面对监管部署，该如何透视深圳金融行业的监管基本面和合规“半年考”？ 聚焦1 深圳银行业“百万级”罚单频现华安保险一罚单牵出9名责任人 南都湾财社记者统计看到，2026年上半年，上述监管部门一共开出32张针对深圳金融机构的罚单，罚没总额超过5270万元。具体来看，非银支付机构3张，罚没金额超过2550万元（不含个人；下同），约占罚款金额的“半壁江山”，其中最大一张来自银盛支付；15张罚单指向银行，罚款超过1950万元，其中“百万级”罚单占比约九成，涉及杭州银行深圳分行、光大银行深圳分行、渤海银行深圳前海分行、中信银行深圳分行、开泰银行（中国）、平安银行深圳分行、深圳中行等。 另外，14张罚单指向保险及保险代理相关机构，罚款超过770万元。 哪些领域是高频违规事由？记者梳理看到，银行方面，与银行承兑汇票相关的不合规事由出现了6次，与贷款“三查”相关事由出现了3次。保险方面，“财务（业务）数据不真实”数量最多，共出现6次，“虚构保险中介业务”和“给予投保人保险合同约定以外其他利益”分别出现3次。 上述较大罚单背后，“双罚制”的监管特征更为明显。比如，今年4月，渤海银行深圳前海分行因“贷款‘三查’不尽职”等违规事由被罚290万元，连带6名相关责任人被处罚，其中2人分别被禁业10年和5年。同月，华安财产保险深圳分公司“虚构保险中介业务套取费用、财务数据不真实”等事由被罚款89万元，一张罚单背后甚至连带9名责任人被警告、罚款合计46万元。6月，太平财险及相关责任人员“未按规定提取未决赔款准备金，未按照规定使用经批准或备案的保险条款、费率，报送数据不准确，跨区域开展业务等”被国家金融监管总局罚款373万元，7人被罚款共计62万元。这也成为上半年深圳保险板块最大一张罚单。 核心高管也领到“红牌警告”。今年3月，开泰银行（中国）有限公司因违反金融统计相关规定等事由被人民银行深圳市分行罚款100.5万元；时任该行副董事长被罚5.5万元。据记者观察，以“双罚制”压实责任链条成为深圳金融监管显著特征。加重个人责任的监管问责的常态化，也对金融从业者提出了更高要求。 聚焦2 打击资金空转与监管套利！银行承兑汇票成违规“重灾区” 与银行承兑汇票相关的违规问题成为上半年焦点。今年3月，杭州银行深圳分行、光大银行深圳分行因“滚动开立银行承兑汇票”被点名；而在5月22日至6月22日的一个月内，承兑汇票相关问题呈现密集暴露的态势，深圳金融监管局连续开出4张罚单，涉及中国农业银行深圳市分行、北京银行深圳分行、中信银行深圳分行、平安银行深圳分行等4家机构，且上述罚单均包含“银行承兑汇票保证金来源不合规”问题。 业内人士介绍，银行承兑汇票是商业汇票的一种，由企业签发、银行承兑，以银行信用为支撑，承诺在约定期限内向持票人无条件支付票款，是企业常用的一种短期融资与结算工具。根据监管要求，其开立应建立在真实交易关系和债权债务关系基础上，并纳入银行统一授信管理，保证金账户也应实行专户管理。 记者留意到，此次监管重点关注的“滚动开立银行承兑汇票”和“银行承兑汇票保证金来源不合规”，均是票据业务中的典型违规行为。其中，“滚动开立银行承兑汇票”俗称“以票养票”，背离了票据服务实体经济和真实贸易结算的初衷，是监管长期严厉打击的资金空转模式。“银行承兑汇票保证金来源不合规”主要是指企业用于缴纳保证金的资金并非自有资金，而是来源于银行贷款、票据贴现资金、关联方融资或其他借入资金。由于保证金本应体现企业自身履约能力，若资金来源违规，不仅掩盖了企业真实资金实力，也容易导致信贷资金违规流入票据业务，形成资金空转和监管套利，增加银行信用风险。记者观察看到，监管部门近年来持续加强对保证金来源真实性、贸易背景真实性以及资金流向的穿透式核查，并将其作为票据业务监管的重要关注点。 聚焦3 银盛支付及高管被罚没超1600万元支付行业穿透式监管成新常态 非银支付机构也成为近年来监管部门大额罚单的“集中地”。2026年1月，银盛支付因“违反商户管理规定；违反清算管理规定；违反账户管理规定”被人民银行深圳市分行罚没合计约1584万元；时任银盛支付董事长陈敏对公司相关违法行为负有责任，被处罚款61万元。这也是今年深圳首张千万级罚单落地。 实际上，这已经不是银盛支付第一次违反商户管理及清算管理规定，也不是陈敏首次被罚。去年3月，银盛支付同样因“违反商户管理规定；违反清算管理规定”以及“与身份不明的客户进行交易”等违法行为被合计罚没约324万元；时任董事长陈敏被罚款15万元。 时间再倒推4年。2022年3月，银盛支付违反反洗钱相关规定，因“与身份不明的客户进行交易”等多项违法违规行为，被人民银行深圳市中心支行罚款2245万元。时任董事长陈敏对上述行为负有直接责任，被罚44.9万元。值得一提的是，这也是当年第三方支付机构收到的最大一笔处罚。按照不完全统计，作为核心高管，陈敏近年来个人领罚已超过百万元。有分析认为，银盛支付频频违规，暴露出公司治理中可能存在的系统性问题。 不只是银盛支付，今年2月，深圳市快付通支付有限公司违反商户管理、账户管理、清算管理规定，被人民银行深圳市分行合计罚没约127万元。4月，乐刷支付因“未按照规定根据经营规模和洗钱风险状况配备相应人员”等行为，被罚没合计约844万元。 记者了解到，近年来非银行支付机构频繁收到人民银行的大额罚单，从已公开的事由来看，通常集中在几个核心领域：违反商户管理规定（为非法交易提供通道）、反洗钱不力（未识别可疑交易）、客户备付金挪用或违规使用。重拳的背后，表明随着支付机构深度融入金融与民生基础设施，监管重心已转向保障用户资金安全、维护市场公平竞争和防范系统性风险。互为佐证的是，在今年1月中国人民银行的工作会议上，明确提出“从严实施支付机构穿透式监管和支付业务功能监管”。而随着今年2月《非银行支付机构分类评级管理办法》的生效，支付行业步入“合规为王”的新阶段。 据记者观察，透过“金融重镇”上半年的30多张罚单，监管信号也愈发明朗。去年底，在深圳市委金融办召开的深圳金融工作会议上，“强监管”成关键词，会议提出强化央地协同，建立完善信息互通、联合检查、联合惩戒等工作机制，把金融机构的合规度提升至一个新台阶。 “以严格执法为导向，严把准入关口，严管重点领域，严惩违法违规行为，坚决做到一贯到底、一严到底、一查到底。”在日前的2026陆家嘴论坛上，国家金融监管总局局长丁向群再次提出“较真碰硬严监管强监管”。她强调，以健全法制为基础，加快推动银监法、保险法修订出台，有针对性地完善监管规制，不断增强金融法制与实践的适应性。（文章来源：南方都市报） [点击查看原文],渤海银行资讯,8829305934759688,2026-07-03 21:57:10,1041,3,1,0,False,False,"https://guba.eastmoney.com/news,000001,1737796177.html",2026-07-05 05:42:33
eastmoney_guba,000001,1737896053,经济重振，金融先行，AI能让消费增长？AI能代替柴米油盐？除非所有人从碳基生物变,$平安银行(SZ000001)$ 经济重振，金融先行，AI能让消费增长？AI能代替柴米油盐？除非所有人从碳基生物变成硅基生物。且AI提倡机器人之类，人不从事生产，那来收入，没收入怎么消费？,平安一生的秦雨,1146386039465300,2026-07-04 23:40:12,45,0,0,0,False,False,"https://guba.eastmoney.com/news,000001,1737896053.html",2026-07-05 05:42:33
eastmoney_guba,000001,1737841156,科技现在毫无疑问是主线，也是赶上了超级周期，踏空了就是踏空了，那也没办法，但你说,$兴业银行(SH601166)$ $民生银行(SH600016)$ $平安银行(SZ000001)$ 科技现在毫无疑问是主线，也是赶上了超级周期，踏空了就是踏空了，那也没办法，但你说去不去追，馋的可以小资金去玩玩，重仓就算了。回过头来看，每一轮走的板块，最终都不会持续，你说神不神奇，反倒是食品饮料这些里面有长牛股。由于科技的虹吸，其实现在洼地不少，打开这些股份行除权价看看，基本十几年没涨过，甚至还有创了新低的，随便拉一只现在走牛的股，你看看是不是有个底部区间？再加上这可是银行，离底部最多也就 10% 的事，长期来看买了肯定没问题，当然，能不能赚大钱就看运气了。这种位置买了的，还天天杞人忧天，睡不好的，除非你是高息贷款，否则闲钱投入有啥怕的？想挣快钱，那进来干嘛？有人说在底部是因为他不行，我也知道，但现在已经走牛的那些银行，要么股息还不到 5，要么 pb0.8 左右，马上都要消灭破净了，你告诉我，向上空间有多大？无非 20% 左右，他们如果能涨 20%，这些股份行再拉，他们难道不会动？如果下跌，能比他们跌的多？当然，选股份行肯定不是为了吃息的，否则我宁愿少一个点分红，去买六大不好？,酱香科技,6212316082565916,2026-07-04 10:07:46,1354,4,1,0,True,False,"https://guba.eastmoney.com/news,000001,1737841156.html",2026-07-05 05:42:33
eastmoney_guba,000001,1733831566,赎回基金！存款闲钱！高估筹码换道买入好机会！,五年净利润2155亿（>）市值1985亿/五年均价可买重仓！大于（>）和小于（<）[null][买入][卖出][捂脸],资源架构,3331145321838466,2026-06-28 15:40:26,505,4,1,0,True,False,"https://guba.eastmoney.com/news,000001,1733831566.html",2026-07-05 05:42:33
eastmoney_guba,000001,1737888556,平安银行在科技方面经常拿奖，干脆变更成科技公司，股票也可以上涨一点，省得在银行板,$平安银行(SZ000001)$ 平安银行在科技方面经常拿奖，干脆变更成科技公司，股票也可以上涨一点，省得在银行板块连续几年倒数。,基民n010ZQ,7950055411483572,2026-07-04 21:30:19,75,0,1,0,False,False,"https://guba.eastmoney.com/news,000001,1737888556.html",2026-07-05 05:42:33
eastmoney_guba,000001,1737861999,散户，下半年，不要在科技股平稳，老登股也上来了吗，指数也到4500.4600还说,散户，下半年，不要在科技股平稳，老登股也上来了吗，指数也到4500.4600还说，赚不到钱了，，，,让散户赚到钱,7543326297050690,2026-07-04 14:45:36,68,1,0,0,False,False,"https://guba.eastmoney.com/news,000001,1737861999.html",2026-07-05 05:42:33
eastmoney_guba,000001,1737863990,我看不少人都说科技有业绩，所以该涨，其他板块毛都没有。那我认为抛开估值和体量来谈,$平安银行(SZ000001)$ $招商银行(SH600036)$ $兴业银行(SH601166)$ 我看不少人都说科技有业绩，所以该涨，其他板块毛都没有。那我认为抛开估值和体量来谈业绩增速也是极度不合理。看看现在的科技，天天跟在美日韩后面跑，包括医药，那我想问，金融这些怎么你又不对标了？这时候就会有人说了，你银行有什么增长预期吗？一个世界第二大经济体，增速还是第二的国家，你跟我说未来没预期？看看摩根，一家市值就 6 万多亿人民币，相当于我们整个上市银行板块市值一半，然而我们 14 万亿的市值，总资产 343 万亿，板块几乎全部破净，还有 0.4，0.3，0.2，民生银行这种深度破净的，在整个地球都罕见！最后说句玩笑话，朋友跟我说，人家银行能暴雷，私企和国企能一个估值？我说，那你这说的，侧面说明这不恰好是国内银行的超级护城河么[笑哭]，这哪应该 5pe，0.5pb，应该 50pe，5pb。[大笑],酱香科技,6212316082565916,2026-07-04 15:16:16,1099,1,1,0,True,False,"https://guba.eastmoney.com/news,000001,1737863990.html",2026-07-05 05:42:33
eastmoney_guba,000001,1737533820,这股五年了一直在下跌，人一生有几个五年。想分红的股东们你们还好吗,$平安银行(SZ000001)$ 这股五年了一直在下跌，人一生有几个五年。想分红的股东们你们还好吗,股友r2221333f2,2196326233078842,2026-07-03 13:42:59,281,9,0,0,False,False,"https://guba.eastmoney.com/news,000001,1737533820.html",2026-07-05 05:42:33
